{
  "totalRevenue": 133606673066.40967,
  "totalProfit": 39409123729.61005,
  "totalUnitsSold": 500144617,
  "orderCount": 100000
}
